{
    "formatVersion": 1,
    "libraries": [
        {
            "name": "net.fabricmc:tiny-mappings-parser:0.3.0+build.17",
            "url": "https://maven.fabricmc.net/"
        },
        {
            "name": "net.fabricmc:sponge-mixin:0.12.5+mixin.0.8.5",
            "url": "https://maven.fabricmc.net/"
        },
        {
            "name": "net.fabricmc:tiny-remapper:0.8.2",
            "url": "https://maven.fabricmc.net/"
        },
        {
            "name": "net.fabricmc:access-widener:2.1.0",
            "url": "https://maven.fabricmc.net/"
        },
        {
            "name": "org.ow2.asm:asm:9.6",
            "url": "https://maven.fabricmc.net/"
        },
        {
            "name": "org.ow2.asm:asm-analysis:9.6",
            "url": "https://maven.fabricmc.net/"
        },
        {
            "name": "org.ow2.asm:asm-commons:9.6",
            "url": "https://maven.fabricmc.net/"
        },
        {
            "name": "org.ow2.asm:asm-tree:9.6",
            "url": "https://maven.fabricmc.net/"
        },
        {
            "name": "org.ow2.asm:asm-util:9.6",
            "url": "https://maven.fabricmc.net/"
        },
        {
            "name": "babric:fabric-loader:0.14.24-babric.1",
            "url": "https://maven.glass-launcher.net/babric/"
        }
    ],
    "mainClass": "net.fabricmc.loader.impl.launch.knot.KnotClient",
    "name": "Fabric Loader",
    "requires": [
        {
            "uid": "babric.intermediary"
        }
    ],
    "type": "release",
    "uid": "net.fabricmc.fabric-loader",
    "version": "0.14.24-babric.1"
}
