{
    "formatVersion": 1,
    "libraries": [
        {
            "downloads": {
                "classifiers": {
                    "natives-linux": {
                        "sha1": "7ff832a6eb9ab6a767f1ade2b548092d0fa64795",
                        "size": 10362,
                        "url": "https://libraries.minecraft.net/net/java/jinput/jinput-platform/2.0.5/jinput-platform-2.0.5-natives-linux.jar"
                    },
                    "natives-osx": {
                        "sha1": "53f9c919f34d2ca9de8c51fc4e1e8282029a9232",
                        "size": 12186,
                        "url": "https://libraries.minecraft.net/net/java/jinput/jinput-platform/2.0.5/jinput-platform-2.0.5-natives-osx.jar"
                    },
                    "natives-windows": {
                        "sha1": "385ee093e01f587f30ee1c8a2ee7d408fd732e16",
                        "size": 155179,
                        "url": "https://libraries.minecraft.net/net/java/jinput/jinput-platform/2.0.5/jinput-platform-2.0.5-natives-windows.jar"
                    }
                }
            },
            "extract": {
                "exclude": [
                    "META-INF/"
                ]
            },
            "name": "net.java.jinput:jinput-platform:2.0.5",
            "natives": {
                "linux": "natives-linux",
                "osx": "natives-osx",
                "windows": "natives-windows"
            }
        },
        {
            "downloads": {
                "artifact": {
                    "sha1": "39c7796b469a600f72380316f6b1f11db6c2c7c4",
                    "size": 208338,
                    "url": "https://libraries.minecraft.net/net/java/jinput/jinput/2.0.5/jinput-2.0.5.jar"
                }
            },
            "name": "net.java.jinput:jinput:2.0.5"
        },
        {
            "downloads": {
                "artifact": {
                    "sha1": "e12fe1fda814bd348c1579329c86943d2cd3c6a6",
                    "size": 7508,
                    "url": "https://libraries.minecraft.net/net/java/jutils/jutils/1.0.0/jutils-1.0.0.jar"
                }
            },
            "name": "net.java.jutils:jutils:1.0.0"
        },
        {
            "extract": {
                "exclude": [
                    "META-INF/"
                ]
            },
            "name": "org.lwjgl.lwjgl:lwjgl-platform:2.9.4-babric.1",
            "url": "https://maven.glass-launcher.net/babric/",
            "natives": {
                "linux": "natives-linux",
                "osx": "natives-osx",
                "windows": "natives-windows"
            }
        },
        {
            "name": "org.lwjgl.lwjgl:lwjgl:2.9.4-babric.1",
            "url": "https://maven.glass-launcher.net/babric/"
        },
        {
            "name": "org.lwjgl.lwjgl:lwjgl_util:2.9.4-babric.1",
            "url": "https://maven.glass-launcher.net/babric/"
        }
    ],
    "name": "LWJGL 2",
    "type": "release",
    "uid": "org.lwjgl",
    "version": "2.9.4-babric.1",
    "volatile": true
}
