{
	// Fixes fish flying above the player head when caught
	"fishVelocityFix": true,
	"leggingsWhenRidingFix": true,
	// Increases the buffer depth from 8 to 24 to fix graphical issues on AMD graphic cards
	"bitDepthFix": true,
	// Fixes furnace consuming lava bucket as fuel
	"furnaceConsumeBucketFix": true,
	// Fixes pigs not dropping saddle on death
	"pigSaddleDropFix": true,
	// Fixes fence bounding box not reflecting the fence state
	"fenceBoundingBoxFix": false,
	"armorIconsFix": true,
	// Fixes water source blocks not forming when a block below is water
	"springPropagationFix": true,
	// Stairs will drop themselves instead of the base block
	"stairsDropFix": true,
	// Fixes axes and pickaxes not being effective on various blocks
	"blockEffectivenessFix": true,
	// Skeletons and Players now hold bows properly
	"bowHeldFix": false,
	// Fixes some blocks not being pickable using Pick Block
	"pickBlockFix": true,
	// Fixes lava not dissapearing without a source block
	"lavaWithoutSourceFix": true,
	// Fixes itemstacks being render below text in containers
	"itemstackRenderingFix": true,
	// Fixes slimes not splitting when their health is below zero after dying
	"enableSlimeSplitFix": true,
	// Fixes sometimes falling through the boat when dismounting it
	"boatDismountFix": true
}