{
	// Acts as a master switch for all recipe tweaks
	"enableRecipes": true,
	"furnaceFuels": true,
	"toolRepair": false,
	"obtainable": {
		"craftableDiamondOre": false,
		"craftableFire": false,
		"craftableIronOre": false,
		"craftableCobwebs": false,
		"craftableLapisOre": false,
		"craftableGrassBlocks": false,
		"craftableCoalOre": false,
		"craftableGoldOre": false
	},
	"modern": {
		"sixSlabsPerCraft": false,
		"snowLayerRecipe": true,
		"threeLadersPerCraft": false,
		"shapelessChestMinecart": true,
		"booksRequireLeather": false,
		"shapelessFlintAndSteel": true,
		"woolRedyeing": true,
		"oneStonePerButton": true,
		"shapelessStickyPistons": true,
		"shapelessFurnaceMinecart": true,
		"modernFenceRecipe": false,
		"shapelessMushroomStew": true
	},
	"tweaked": {
		"shapelessJackOLantern": true,
		"stairsPerCraft": 4
	}
}